{
  "min_lat": 23.83057624407452,
  "max_lat": 23.843137735416267,
  "min_lon": 90.3515625,
  "max_lon": 90.36529541015625
}